class,sample,genotype
hybrid,129-001,N
hybrid,129-005,N
hybrid,129-006,H
hybrid,129-014,N
hybrid,129-017,H
hybrid,129-019,H
hybrid,129-053,N
hybrid,129-057,N
hybrid,129-064,N
hybrid,129-069,N
hybrid,129-071,N
hybrid,129-073,H
hybrid,129-075,N
hybrid,129-077,N
hybrid,129-081,H
hybrid,129-082,H
hybrid,129-083,H
hybrid,129-085,N
hybrid,129-086,N
hybrid,129-087,N
hybrid,129-088,N
hybrid,129-089,H
hybrid,129-090,D
hybrid,129-091,N
hybrid,129-093,N
hybrid,129-094,H
hybrid,129-096,H
hybrid,129-098,H
hybrid,129-099,H
hybrid,129-100,H
hybrid,129-101,N
hybrid,129-102,N
hybrid,129-103,N
hybrid,129-104,H
hybrid,129-105,N
hybrid,129-106,D
hybrid,129-107,D
hybrid,129-108,D
hybrid,129-109,H
hybrid,129-110,H
hybrid,129-111,D
hybrid,129-112,D
hybrid,129-113,H
hybrid,129-114,N
hybrid,129-115,H
hybrid,129-116,H
hybrid,129-117,D
hybrid,129-118,H
hybrid,129-119,D
hybrid,129-120,H
hybrid,129-121,D
hybrid,129-122,D
hybrid,129-123,D
hybrid,129-124,H
hybrid,129-125,D
hybrid,129-128,H
hybrid,129-129,H
hybrid,129-130,D
hybrid,129-132,H
hybrid,129-138,N
hybrid,129-140,H
hybrid,129-142,H
hybrid,129-145,D
hybrid,131-001,N
hybrid,131-006,N
hybrid,131-008,N
hybrid,131-013,N
hybrid,131-024,
hybrid,131-031,H
hybrid,131-033,N
hybrid,131-041,D
hybrid,131-043,N
hybrid,131-044,N
hybrid,132-001,N
hybrid,132-002,N
hybrid,132-003,N
hybrid,132-004,H
hybrid,132-005,N
hybrid,132-007,H
hybrid,132-009,N
hybrid,132-010,H
hybrid,132-011,D
hybrid,132-012,D
hybrid,132-014,H
hybrid,132-015,H
hybrid,132-016,N
hybrid,132-017,H
hybrid,132-018,H
hybrid,132-019,D
hybrid,132-020,H
hybrid,132-021,D
hybrid,132-022,H
hybrid,132-023,H
hybrid,132-024,D
hybrid,132-025,N
hybrid,132-026,D
hybrid,132-027,H
hybrid,132-028,H
hybrid,132-029,H
hybrid,132-030,D
hybrid,132-031,H
hybrid,132-032,N
hybrid,132-033,H
hybrid,132-034,N
hybrid,132-035,H
hybrid,132-037,H
hybrid,132-038,H
hybrid,132-039,H
hybrid,132-040,H
hybrid,132-041,H
hybrid,132-042,D
hybrid,132-043,H
hybrid,132-044,N
hybrid,132-045,N
hybrid,132-046,N
hybrid,132-047,D
hybrid,132-048,
hybrid,132-049,H
hybrid,132-050,N
hybrid,132-051,H
hybrid,132-052,N
hybrid,132-053,H
hybrid,132-054,D
hybrid,132-055,H
hybrid,132-056,N
hybrid,132-057,H
hybrid,132-058,H
hybrid,132-059,H
hybrid,132-060,H
hybrid,132-061,H
hybrid,132-062,H
hybrid,132-063,H
hybrid,132-064,H
hybrid,132-065,N
hybrid,132-066,H
hybrid,132-067,H
hybrid,132-068,D
hybrid,132-069,H
hybrid,132-070,N
hybrid,132-071,N
hybrid,132-072,H
hybrid,132-073,H
hybrid,132-074,
hybrid,132-075,D
hybrid,132-076,N
hybrid,132-077,H
hybrid,132-078,N
hybrid,132-079,H
hybrid,132-080,H
hybrid,132-081,H
hybrid,132-082,H
hybrid,132-083,
hybrid,132-084,H
hybrid,132-085,N
hybrid,132-086,H
hybrid,132-087,D
hybrid,132-088,N
hybrid,132-089,N
hybrid,132-090,N
hybrid,132-091,D
hybrid,132-092,
hybrid,132-093,
hybrid,132-094,H
hybrid,132-095,N
hybrid,132-096,D
hybrid,132-097,D
hybrid,132-098,D
hybrid,132-099,H
hybrid,132-100,N
hybrid,132-102,H
hybrid,132-103,D
hybrid,132-104,D
hybrid,132-105,H
hybrid,132-106,D
hybrid,132-107,H
hybrid,132-108,H
hybrid,132-109,H
hybrid,132-110,D
hybrid,132-111,H
hybrid,132-112,D
hybrid,132-113,H
hybrid,132-114,N
hybrid,132-115,H
hybrid,132-116,D
hybrid,132-117,H
hybrid,132-118,D
hybrid,132-119,N
hybrid,132-120,H
hybrid,132-121,H
hybrid,132-122,H
hybrid,132-123,N
hybrid,132-124,N
hybrid,132-125,N
hybrid,132-126,H
hybrid,132-127,H
hybrid,132-128,N
hybrid,132-129,N
hybrid,132-130,N
hybrid,132-131,N
hybrid,132-132,H
hybrid,132-133,H
hybrid,132-134,
hybrid,132-135,H
hybrid,132-136,N
hybrid,132-137,H
hybrid,132-138,H
hybrid,132-139,N
hybrid,132-140,H
hybrid,132-141,H
hybrid,132-142,N
hybrid,132-143,N
hybrid,132-144,N
hybrid,132-145,N
hybrid,132-146,H
hybrid,132-147,H
hybrid,133-001,N
hybrid,133-002,D
hybrid,133-003,H
hybrid,133-004,D
hybrid,133-005,N
hybrid,133-006,H
hybrid,133-007,N
hybrid,133-008,H
hybrid,133-009,N
hybrid,133-010,H
hybrid,133-011,H
hybrid,133-012,H
hybrid,133-014,N
hybrid,133-015,H
hybrid,133-016,H
hybrid,133-017,H
hybrid,133-018,
hybrid,133-019,D
hybrid,133-020,H
hybrid,133-021,H
hybrid,133-022,N
hybrid,133-023,H
hybrid,133-024,N
hybrid,133-025,N
hybrid,133-026,H
hybrid,133-027,N
hybrid,133-028,N
hybrid,133-029,N
hybrid,133-030,H
hybrid,133-031,H
hybrid,133-032,N
hybrid,133-033,H
hybrid,133-034,N
hybrid,133-035,N
hybrid,133-036,H
hybrid,133-037,N
hybrid,133-038,H
hybrid,133-039,H
hybrid,133-040,
hybrid,135-001,D
hybrid,135-004,D
hybrid,135-008,
hybrid,135-012,
hybrid,135-013,
hybrid,135-016,
hybrid,135-017,
hybrid,135-018,
hybrid,135-019,
hybrid,135-020,
hybrid,135-021,
hybrid,135-023,
hybrid,135-024,
hybrid,135-025,
hybrid,135-026,
hybrid,135-027,
hybrid,135-028,
hybrid,135-029,
hybrid,135-030,
hybrid,135-031,
hybrid,135-032,
hybrid,135-033,
hybrid,135-034,
hybrid,135-035,
hybrid,135-036,
hybrid,135-037,
hybrid,135-038,
hybrid,135-039,
hybrid,135-040,